--
-- PostgreSQL database dump
--

\restrict GDdFkLvowDRXJkFFY6Duz3TabUlKVl7sLaNu2yTrBGzXhQQKMIKbQ8OeMYhv4l8

-- Dumped from database version 17.6
-- Dumped by pg_dump version 17.6

-- Started on 2026-04-09 15:58:25

SET statement_timeout = 0;
SET lock_timeout = 0;
SET idle_in_transaction_session_timeout = 0;
SET transaction_timeout = 0;
SET client_encoding = 'UTF8';
SET standard_conforming_strings = on;
SELECT pg_catalog.set_config('search_path', '', false);
SET check_function_bodies = false;
SET xmloption = content;
SET client_min_messages = warning;
SET row_security = off;

SET default_tablespace = '';

SET default_table_access_method = heap;

--
-- TOC entry 251 (class 1259 OID 42103)
-- Name: t_user_role; Type: TABLE; Schema: public; Owner: postgres
--

CREATE TABLE public.t_user_role (
    id bigint NOT NULL,
    role character varying(20) NOT NULL,
    user_id integer NOT NULL
);


ALTER TABLE public.t_user_role OWNER TO postgres;

--
-- TOC entry 250 (class 1259 OID 42102)
-- Name: attendance_userprofile_id_seq; Type: SEQUENCE; Schema: public; Owner: postgres
--

ALTER TABLE public.t_user_role ALTER COLUMN id ADD GENERATED BY DEFAULT AS IDENTITY (
    SEQUENCE NAME public.attendance_userprofile_id_seq
    START WITH 1
    INCREMENT BY 1
    NO MINVALUE
    NO MAXVALUE
    CACHE 1
);


--
-- TOC entry 224 (class 1259 OID 33934)
-- Name: auth_group; Type: TABLE; Schema: public; Owner: postgres
--

CREATE TABLE public.auth_group (
    id integer NOT NULL,
    name character varying(150) NOT NULL
);


ALTER TABLE public.auth_group OWNER TO postgres;

--
-- TOC entry 223 (class 1259 OID 33933)
-- Name: auth_group_id_seq; Type: SEQUENCE; Schema: public; Owner: postgres
--

ALTER TABLE public.auth_group ALTER COLUMN id ADD GENERATED BY DEFAULT AS IDENTITY (
    SEQUENCE NAME public.auth_group_id_seq
    START WITH 1
    INCREMENT BY 1
    NO MINVALUE
    NO MAXVALUE
    CACHE 1
);


--
-- TOC entry 226 (class 1259 OID 33942)
-- Name: auth_group_permissions; Type: TABLE; Schema: public; Owner: postgres
--

CREATE TABLE public.auth_group_permissions (
    id bigint NOT NULL,
    group_id integer NOT NULL,
    permission_id integer NOT NULL
);


ALTER TABLE public.auth_group_permissions OWNER TO postgres;

--
-- TOC entry 225 (class 1259 OID 33941)
-- Name: auth_group_permissions_id_seq; Type: SEQUENCE; Schema: public; Owner: postgres
--

ALTER TABLE public.auth_group_permissions ALTER COLUMN id ADD GENERATED BY DEFAULT AS IDENTITY (
    SEQUENCE NAME public.auth_group_permissions_id_seq
    START WITH 1
    INCREMENT BY 1
    NO MINVALUE
    NO MAXVALUE
    CACHE 1
);


--
-- TOC entry 222 (class 1259 OID 33928)
-- Name: auth_permission; Type: TABLE; Schema: public; Owner: postgres
--

CREATE TABLE public.auth_permission (
    id integer NOT NULL,
    name character varying(255) NOT NULL,
    content_type_id integer NOT NULL,
    codename character varying(100) NOT NULL
);


ALTER TABLE public.auth_permission OWNER TO postgres;

--
-- TOC entry 221 (class 1259 OID 33927)
-- Name: auth_permission_id_seq; Type: SEQUENCE; Schema: public; Owner: postgres
--

ALTER TABLE public.auth_permission ALTER COLUMN id ADD GENERATED BY DEFAULT AS IDENTITY (
    SEQUENCE NAME public.auth_permission_id_seq
    START WITH 1
    INCREMENT BY 1
    NO MINVALUE
    NO MAXVALUE
    CACHE 1
);


--
-- TOC entry 228 (class 1259 OID 33948)
-- Name: auth_user; Type: TABLE; Schema: public; Owner: postgres
--

CREATE TABLE public.auth_user (
    id integer NOT NULL,
    password character varying(128) NOT NULL,
    last_login timestamp with time zone,
    is_superuser boolean NOT NULL,
    username character varying(150) NOT NULL,
    first_name character varying(150) NOT NULL,
    last_name character varying(150) NOT NULL,
    email character varying(254) NOT NULL,
    is_staff boolean NOT NULL,
    is_active boolean NOT NULL,
    date_joined timestamp with time zone NOT NULL
);


ALTER TABLE public.auth_user OWNER TO postgres;

--
-- TOC entry 230 (class 1259 OID 33956)
-- Name: auth_user_groups; Type: TABLE; Schema: public; Owner: postgres
--

CREATE TABLE public.auth_user_groups (
    id bigint NOT NULL,
    user_id integer NOT NULL,
    group_id integer NOT NULL
);


ALTER TABLE public.auth_user_groups OWNER TO postgres;

--
-- TOC entry 229 (class 1259 OID 33955)
-- Name: auth_user_groups_id_seq; Type: SEQUENCE; Schema: public; Owner: postgres
--

ALTER TABLE public.auth_user_groups ALTER COLUMN id ADD GENERATED BY DEFAULT AS IDENTITY (
    SEQUENCE NAME public.auth_user_groups_id_seq
    START WITH 1
    INCREMENT BY 1
    NO MINVALUE
    NO MAXVALUE
    CACHE 1
);


--
-- TOC entry 227 (class 1259 OID 33947)
-- Name: auth_user_id_seq; Type: SEQUENCE; Schema: public; Owner: postgres
--

ALTER TABLE public.auth_user ALTER COLUMN id ADD GENERATED BY DEFAULT AS IDENTITY (
    SEQUENCE NAME public.auth_user_id_seq
    START WITH 1
    INCREMENT BY 1
    NO MINVALUE
    NO MAXVALUE
    CACHE 1
);


--
-- TOC entry 232 (class 1259 OID 33962)
-- Name: auth_user_user_permissions; Type: TABLE; Schema: public; Owner: postgres
--

CREATE TABLE public.auth_user_user_permissions (
    id bigint NOT NULL,
    user_id integer NOT NULL,
    permission_id integer NOT NULL
);


ALTER TABLE public.auth_user_user_permissions OWNER TO postgres;

--
-- TOC entry 231 (class 1259 OID 33961)
-- Name: auth_user_user_permissions_id_seq; Type: SEQUENCE; Schema: public; Owner: postgres
--

ALTER TABLE public.auth_user_user_permissions ALTER COLUMN id ADD GENERATED BY DEFAULT AS IDENTITY (
    SEQUENCE NAME public.auth_user_user_permissions_id_seq
    START WITH 1
    INCREMENT BY 1
    NO MINVALUE
    NO MAXVALUE
    CACHE 1
);


--
-- TOC entry 234 (class 1259 OID 34020)
-- Name: django_admin_log; Type: TABLE; Schema: public; Owner: postgres
--

CREATE TABLE public.django_admin_log (
    id integer NOT NULL,
    action_time timestamp with time zone NOT NULL,
    object_id text,
    object_repr character varying(200) NOT NULL,
    action_flag smallint NOT NULL,
    change_message text NOT NULL,
    content_type_id integer,
    user_id integer NOT NULL,
    CONSTRAINT django_admin_log_action_flag_check CHECK ((action_flag >= 0))
);


ALTER TABLE public.django_admin_log OWNER TO postgres;

--
-- TOC entry 233 (class 1259 OID 34019)
-- Name: django_admin_log_id_seq; Type: SEQUENCE; Schema: public; Owner: postgres
--

ALTER TABLE public.django_admin_log ALTER COLUMN id ADD GENERATED BY DEFAULT AS IDENTITY (
    SEQUENCE NAME public.django_admin_log_id_seq
    START WITH 1
    INCREMENT BY 1
    NO MINVALUE
    NO MAXVALUE
    CACHE 1
);


--
-- TOC entry 220 (class 1259 OID 33920)
-- Name: django_content_type; Type: TABLE; Schema: public; Owner: postgres
--

CREATE TABLE public.django_content_type (
    id integer NOT NULL,
    app_label character varying(100) NOT NULL,
    model character varying(100) NOT NULL
);


ALTER TABLE public.django_content_type OWNER TO postgres;

--
-- TOC entry 219 (class 1259 OID 33919)
-- Name: django_content_type_id_seq; Type: SEQUENCE; Schema: public; Owner: postgres
--

ALTER TABLE public.django_content_type ALTER COLUMN id ADD GENERATED BY DEFAULT AS IDENTITY (
    SEQUENCE NAME public.django_content_type_id_seq
    START WITH 1
    INCREMENT BY 1
    NO MINVALUE
    NO MAXVALUE
    CACHE 1
);


--
-- TOC entry 218 (class 1259 OID 33912)
-- Name: django_migrations; Type: TABLE; Schema: public; Owner: postgres
--

CREATE TABLE public.django_migrations (
    id bigint NOT NULL,
    app character varying(255) NOT NULL,
    name character varying(255) NOT NULL,
    applied timestamp with time zone NOT NULL
);


ALTER TABLE public.django_migrations OWNER TO postgres;

--
-- TOC entry 217 (class 1259 OID 33911)
-- Name: django_migrations_id_seq; Type: SEQUENCE; Schema: public; Owner: postgres
--

ALTER TABLE public.django_migrations ALTER COLUMN id ADD GENERATED BY DEFAULT AS IDENTITY (
    SEQUENCE NAME public.django_migrations_id_seq
    START WITH 1
    INCREMENT BY 1
    NO MINVALUE
    NO MAXVALUE
    CACHE 1
);


--
-- TOC entry 249 (class 1259 OID 34159)
-- Name: django_session; Type: TABLE; Schema: public; Owner: postgres
--

CREATE TABLE public.django_session (
    session_key character varying(40) NOT NULL,
    session_data text NOT NULL,
    expire_date timestamp with time zone NOT NULL
);


ALTER TABLE public.django_session OWNER TO postgres;

--
-- TOC entry 240 (class 1259 OID 34059)
-- Name: t_aiconversation; Type: TABLE; Schema: public; Owner: postgres
--

CREATE TABLE public.t_aiconversation (
    id bigint NOT NULL,
    langfuse_threadid character varying(100),
    conversation_title character varying(200),
    created_at timestamp with time zone NOT NULL,
    last_activity_at timestamp with time zone,
    user_id integer NOT NULL
);


ALTER TABLE public.t_aiconversation OWNER TO postgres;

--
-- TOC entry 239 (class 1259 OID 34058)
-- Name: t_aiconversation_id_seq; Type: SEQUENCE; Schema: public; Owner: postgres
--

ALTER TABLE public.t_aiconversation ALTER COLUMN id ADD GENERATED BY DEFAULT AS IDENTITY (
    SEQUENCE NAME public.t_aiconversation_id_seq
    START WITH 1
    INCREMENT BY 1
    NO MINVALUE
    NO MAXVALUE
    CACHE 1
);


--
-- TOC entry 248 (class 1259 OID 34089)
-- Name: t_attendance; Type: TABLE; Schema: public; Owner: postgres
--

CREATE TABLE public.t_attendance (
    id bigint NOT NULL,
    attendance_date date NOT NULL,
    check_in_time timestamp with time zone NOT NULL,
    confidence numeric(5,2) NOT NULL,
    notes text,
    created_at timestamp with time zone NOT NULL,
    guest_id bigint,
    member_id bigint,
    facedetection_id bigint NOT NULL
);


ALTER TABLE public.t_attendance OWNER TO postgres;

--
-- TOC entry 247 (class 1259 OID 34088)
-- Name: t_attendance_id_seq; Type: SEQUENCE; Schema: public; Owner: postgres
--

ALTER TABLE public.t_attendance ALTER COLUMN id ADD GENERATED BY DEFAULT AS IDENTITY (
    SEQUENCE NAME public.t_attendance_id_seq
    START WITH 1
    INCREMENT BY 1
    NO MINVALUE
    NO MAXVALUE
    CACHE 1
);


--
-- TOC entry 242 (class 1259 OID 34065)
-- Name: t_guest; Type: TABLE; Schema: public; Owner: postgres
--

CREATE TABLE public.t_guest (
    id bigint NOT NULL,
    full_name character varying(100) NOT NULL,
    phone character varying(20),
    visit_count integer NOT NULL,
    first_visit date,
    last_visit date,
    face_encoding text,
    notes text,
    created_at timestamp with time zone NOT NULL,
    converted_to_member_id bigint
);


ALTER TABLE public.t_guest OWNER TO postgres;

--
-- TOC entry 241 (class 1259 OID 34064)
-- Name: t_guest_id_seq; Type: SEQUENCE; Schema: public; Owner: postgres
--

ALTER TABLE public.t_guest ALTER COLUMN id ADD GENERATED BY DEFAULT AS IDENTITY (
    SEQUENCE NAME public.t_guest_id_seq
    START WITH 1
    INCREMENT BY 1
    NO MINVALUE
    NO MAXVALUE
    CACHE 1
);


--
-- TOC entry 244 (class 1259 OID 34073)
-- Name: t_member_face_embedding; Type: TABLE; Schema: public; Owner: postgres
--

CREATE TABLE public.t_member_face_embedding (
    id bigint NOT NULL,
    face_encoding text NOT NULL,
    image_path character varying(255),
    is_active boolean NOT NULL,
    notes text,
    created_at timestamp with time zone NOT NULL,
    member_id bigint NOT NULL
);


ALTER TABLE public.t_member_face_embedding OWNER TO postgres;

--
-- TOC entry 243 (class 1259 OID 34072)
-- Name: t_member_face_embedding_id_seq; Type: SEQUENCE; Schema: public; Owner: postgres
--

ALTER TABLE public.t_member_face_embedding ALTER COLUMN id ADD GENERATED BY DEFAULT AS IDENTITY (
    SEQUENCE NAME public.t_member_face_embedding_id_seq
    START WITH 1
    INCREMENT BY 1
    NO MINVALUE
    NO MAXVALUE
    CACHE 1
);


--
-- TOC entry 238 (class 1259 OID 34049)
-- Name: t_summary_report; Type: TABLE; Schema: public; Owner: postgres
--

CREATE TABLE public.t_summary_report (
    id bigint NOT NULL,
    report_date date NOT NULL,
    total_members integer NOT NULL,
    total_guests integer NOT NULL,
    total_attendance integer NOT NULL,
    report_summary text,
    created_at timestamp with time zone NOT NULL
);


ALTER TABLE public.t_summary_report OWNER TO postgres;

--
-- TOC entry 237 (class 1259 OID 34048)
-- Name: t_summary_report_id_seq; Type: SEQUENCE; Schema: public; Owner: postgres
--

ALTER TABLE public.t_summary_report ALTER COLUMN id ADD GENERATED BY DEFAULT AS IDENTITY (
    SEQUENCE NAME public.t_summary_report_id_seq
    START WITH 1
    INCREMENT BY 1
    NO MINVALUE
    NO MAXVALUE
    CACHE 1
);


--
-- TOC entry 246 (class 1259 OID 34081)
-- Name: t_timlinedata_record; Type: TABLE; Schema: public; Owner: postgres
--

CREATE TABLE public.t_timlinedata_record (
    id bigint NOT NULL,
    capture_time timestamp with time zone NOT NULL,
    image_path character varying(255),
    face_encoding text,
    detection_status character varying(50) NOT NULL,
    confidence numeric(5,2),
    validation_status character varying(50) NOT NULL,
    validated_at timestamp with time zone,
    notes text,
    created_at timestamp with time zone NOT NULL,
    final_guest_id bigint,
    final_member_id bigint,
    matched_member_id bigint
);


ALTER TABLE public.t_timlinedata_record OWNER TO postgres;

--
-- TOC entry 245 (class 1259 OID 34080)
-- Name: t_timlinedata_record_id_seq; Type: SEQUENCE; Schema: public; Owner: postgres
--

ALTER TABLE public.t_timlinedata_record ALTER COLUMN id ADD GENERATED BY DEFAULT AS IDENTITY (
    SEQUENCE NAME public.t_timlinedata_record_id_seq
    START WITH 1
    INCREMENT BY 1
    NO MINVALUE
    NO MAXVALUE
    CACHE 1
);


--
-- TOC entry 236 (class 1259 OID 34041)
-- Name: tm_member; Type: TABLE; Schema: public; Owner: postgres
--

CREATE TABLE public.tm_member (
    id bigint NOT NULL,
    full_name character varying(100) NOT NULL,
    nickname character varying(100),
    gender character varying(10) NOT NULL,
    birth_date date,
    phone character varying(20),
    email character varying(254),
    address text,
    member_status character varying(50) NOT NULL,
    created_at timestamp with time zone NOT NULL,
    updated_at timestamp with time zone NOT NULL
);


ALTER TABLE public.tm_member OWNER TO postgres;

--
-- TOC entry 235 (class 1259 OID 34040)
-- Name: tm_member_id_seq; Type: SEQUENCE; Schema: public; Owner: postgres
--

ALTER TABLE public.tm_member ALTER COLUMN id ADD GENERATED BY DEFAULT AS IDENTITY (
    SEQUENCE NAME public.tm_member_id_seq
    START WITH 1
    INCREMENT BY 1
    NO MINVALUE
    NO MAXVALUE
    CACHE 1
);


--
-- TOC entry 5075 (class 0 OID 33934)
-- Dependencies: 224
-- Data for Name: auth_group; Type: TABLE DATA; Schema: public; Owner: postgres
--

COPY public.auth_group (id, name) FROM stdin;
\.


--
-- TOC entry 5077 (class 0 OID 33942)
-- Dependencies: 226
-- Data for Name: auth_group_permissions; Type: TABLE DATA; Schema: public; Owner: postgres
--

COPY public.auth_group_permissions (id, group_id, permission_id) FROM stdin;
\.


--
-- TOC entry 5073 (class 0 OID 33928)
-- Dependencies: 222
-- Data for Name: auth_permission; Type: TABLE DATA; Schema: public; Owner: postgres
--

COPY public.auth_permission (id, name, content_type_id, codename) FROM stdin;
1	Can add log entry	1	add_logentry
2	Can change log entry	1	change_logentry
3	Can delete log entry	1	delete_logentry
4	Can view log entry	1	view_logentry
5	Can add permission	2	add_permission
6	Can change permission	2	change_permission
7	Can delete permission	2	delete_permission
8	Can view permission	2	view_permission
9	Can add group	3	add_group
10	Can change group	3	change_group
11	Can delete group	3	delete_group
12	Can view group	3	view_group
13	Can add user	4	add_user
14	Can change user	4	change_user
15	Can delete user	4	delete_user
16	Can view user	4	view_user
17	Can add content type	5	add_contenttype
18	Can change content type	5	change_contenttype
19	Can delete content type	5	delete_contenttype
20	Can view content type	5	view_contenttype
21	Can add session	6	add_session
22	Can change session	6	change_session
23	Can delete session	6	delete_session
24	Can view session	6	view_session
25	Can add member	7	add_member
26	Can change member	7	change_member
27	Can delete member	7	delete_member
28	Can view member	7	view_member
29	Can add summary report	8	add_summaryreport
30	Can change summary report	8	change_summaryreport
31	Can delete summary report	8	delete_summaryreport
32	Can view summary report	8	view_summaryreport
33	Can add ai conversation	9	add_aiconversation
34	Can change ai conversation	9	change_aiconversation
35	Can delete ai conversation	9	delete_aiconversation
36	Can view ai conversation	9	view_aiconversation
37	Can add guest	10	add_guest
38	Can change guest	10	change_guest
39	Can delete guest	10	delete_guest
40	Can view guest	10	view_guest
41	Can add member face embedding	11	add_memberfaceembedding
42	Can change member face embedding	11	change_memberfaceembedding
43	Can delete member face embedding	11	delete_memberfaceembedding
44	Can view member face embedding	11	view_memberfaceembedding
45	Can add timeline data record	12	add_timelinedatarecord
46	Can change timeline data record	12	change_timelinedatarecord
47	Can delete timeline data record	12	delete_timelinedatarecord
48	Can view timeline data record	12	view_timelinedatarecord
49	Can add attendance	13	add_attendance
50	Can change attendance	13	change_attendance
51	Can delete attendance	13	delete_attendance
52	Can view attendance	13	view_attendance
53	Can add user profile	14	add_userprofile
54	Can change user profile	14	change_userprofile
55	Can delete user profile	14	delete_userprofile
56	Can view user profile	14	view_userprofile
\.


--
-- TOC entry 5079 (class 0 OID 33948)
-- Dependencies: 228
-- Data for Name: auth_user; Type: TABLE DATA; Schema: public; Owner: postgres
--

COPY public.auth_user (id, password, last_login, is_superuser, username, first_name, last_name, email, is_staff, is_active, date_joined) FROM stdin;
4	pbkdf2_sha256$1000000$bXO99loJF0d0CEaSVdfxSH$7KiQDuSl+7S05D3189yiXyIi7WbskxVew7hZUFmwKBk=	\N	f	yoel	yoel	heardly	yoel@gmail.com	f	t	2026-03-26 10:59:27+07
5	pbkdf2_sha256$1000000$hxU2TVzirkT8JzXuTdfJnS$mxQ68xfYeNP4KbYN3WXB3n60rDxfdk/J+hnJu5OyuYk=	\N	f	chris	christian	.	chris@gmail.com	f	t	2026-03-26 16:22:26.626997+07
1	pbkdf2_sha256$1000000$dDS7PjXNoYdDantweM06cR$9tnD58AzTgAQ9Hr0LmJuISfz/iuTAfVT6nPRz5v2JRw=	2026-03-26 16:23:32.413763+07	t	beb	Bagus	EB	beb@gmail.com	t	t	2026-03-12 14:29:54.715202+07
\.


--
-- TOC entry 5081 (class 0 OID 33956)
-- Dependencies: 230
-- Data for Name: auth_user_groups; Type: TABLE DATA; Schema: public; Owner: postgres
--

COPY public.auth_user_groups (id, user_id, group_id) FROM stdin;
\.


--
-- TOC entry 5083 (class 0 OID 33962)
-- Dependencies: 232
-- Data for Name: auth_user_user_permissions; Type: TABLE DATA; Schema: public; Owner: postgres
--

COPY public.auth_user_user_permissions (id, user_id, permission_id) FROM stdin;
\.


--
-- TOC entry 5085 (class 0 OID 34020)
-- Dependencies: 234
-- Data for Name: django_admin_log; Type: TABLE DATA; Schema: public; Owner: postgres
--

COPY public.django_admin_log (id, action_time, object_id, object_repr, action_flag, change_message, content_type_id, user_id) FROM stdin;
1	2026-03-12 14:32:14.965135+07	1	Bagus Eka Bagaskara	1	[{"added": {}}]	7	1
2	2026-03-12 14:33:03.947314+07	1	Bagus Eka Bagaskara	2	[]	7	1
3	2026-03-12 14:51:35.102969+07	2	Yoel Hardly Sirait	1	[{"added": {}}]	7	1
4	2026-03-24 12:14:22.599947+07	2	yoel	1	[{"added": {}}]	4	1
5	2026-03-24 12:20:12.86463+07	2	yoel	3		4	1
6	2026-03-24 12:21:43.709969+07	3	yoel	1	[{"added": {}}]	4	1
7	2026-03-26 10:54:30.514516+07	1	beb - admin	1	[{"added": {}}]	14	1
8	2026-03-26 10:59:04.36434+07	3	yoel	3		4	1
9	2026-03-26 10:59:28.324576+07	4	yoel	1	[{"added": {}}]	4	1
10	2026-03-26 11:00:17.753465+07	4	yoel	2	[{"changed": {"fields": ["First name", "Last name", "Email address"]}}]	4	1
11	2026-03-26 11:44:57.263998+07	2	yoel - leader	2	[{"changed": {"fields": ["Role"]}}]	14	1
\.


--
-- TOC entry 5071 (class 0 OID 33920)
-- Dependencies: 220
-- Data for Name: django_content_type; Type: TABLE DATA; Schema: public; Owner: postgres
--

COPY public.django_content_type (id, app_label, model) FROM stdin;
1	admin	logentry
2	auth	permission
3	auth	group
4	auth	user
5	contenttypes	contenttype
6	sessions	session
7	attendance	member
8	attendance	summaryreport
9	attendance	aiconversation
10	attendance	guest
11	attendance	memberfaceembedding
12	attendance	timelinedatarecord
13	attendance	attendance
14	attendance	userprofile
\.


--
-- TOC entry 5069 (class 0 OID 33912)
-- Dependencies: 218
-- Data for Name: django_migrations; Type: TABLE DATA; Schema: public; Owner: postgres
--

COPY public.django_migrations (id, app, name, applied) FROM stdin;
1	contenttypes	0001_initial	2026-03-06 15:01:30.801437+07
2	auth	0001_initial	2026-03-06 15:01:30.885267+07
3	admin	0001_initial	2026-03-06 15:01:30.906061+07
4	admin	0002_logentry_remove_auto_add	2026-03-06 15:01:30.912551+07
5	admin	0003_logentry_add_action_flag_choices	2026-03-06 15:01:30.915632+07
6	attendance	0001_initial	2026-03-06 15:01:30.980671+07
7	contenttypes	0002_remove_content_type_name	2026-03-06 15:01:30.980671+07
8	auth	0002_alter_permission_name_max_length	2026-03-06 15:01:31.002456+07
9	auth	0003_alter_user_email_max_length	2026-03-06 15:01:31.009179+07
10	auth	0004_alter_user_username_opts	2026-03-06 15:01:31.014948+07
11	auth	0005_alter_user_last_login_null	2026-03-06 15:01:31.021591+07
12	auth	0006_require_contenttypes_0002	2026-03-06 15:01:31.022601+07
13	auth	0007_alter_validators_add_error_messages	2026-03-06 15:01:31.029937+07
14	auth	0008_alter_user_username_max_length	2026-03-06 15:01:31.036733+07
15	auth	0009_alter_user_last_name_max_length	2026-03-06 15:01:31.045555+07
16	auth	0010_alter_group_name_max_length	2026-03-06 15:01:31.053386+07
17	auth	0011_update_proxy_permissions	2026-03-06 15:01:31.058196+07
18	auth	0012_alter_user_first_name_max_length	2026-03-06 15:01:31.069042+07
19	sessions	0001_initial	2026-03-06 15:01:31.071791+07
20	attendance	0002_userprofile	2026-03-25 14:41:09.099688+07
21	attendance	0003_alter_userprofile_role	2026-03-26 10:52:36.540821+07
22	attendance	0004_alter_userprofile_table	2026-03-26 14:56:45.189994+07
\.


--
-- TOC entry 5100 (class 0 OID 34159)
-- Dependencies: 249
-- Data for Name: django_session; Type: TABLE DATA; Schema: public; Owner: postgres
--

COPY public.django_session (session_key, session_data, expire_date) FROM stdin;
y2b6htspwy8865ocz8n6b30ux0owsbbx	.eJxVjDsOwyAQBe9CHSE-awIp0-cMiIV1cBKBZOwq8t1tJBdJ9aSZ0fsyH9Yl-7XR7KfEbkyyyy_DEN9UukivUJ6Vx1qWeULeE37axh810ed-tn8HObTcb9WA0gmjTEyIKJQi0Oi0syJCspLMgYDoWBg0jsKOIpjoLAJpCVe27ceKNy4:1w0aVe:pmfv07gxUtkDU4icqJh_Tznxl16-smYVPXu10KpXNf8	2026-03-26 14:31:06.707944+07
yfeiag04azdgfq2t3x2r5douc9xj1vg9	.eJxVjDsOwjAQBe_iGllrx79Q0ucM1q7X4ACypTipEHeHSCmgfTPzXiLitpa49bzEmcVZKHH63QjTI9cd8B3rrcnU6rrMJHdFHrTLqXF-Xg7376BgL9_aOiaXANmbkcAa4nEIOmXmwTCwRwaPSmvnyKpkAujkPHhS6koqoBHvD-pUN7U:1w5gw8:q-lrgSv_IRZF2py4M5qTRhmWsteYls-IQ4-GHc_DduM	2026-04-09 16:23:32.413763+07
\.


--
-- TOC entry 5091 (class 0 OID 34059)
-- Dependencies: 240
-- Data for Name: t_aiconversation; Type: TABLE DATA; Schema: public; Owner: postgres
--

COPY public.t_aiconversation (id, langfuse_threadid, conversation_title, created_at, last_activity_at, user_id) FROM stdin;
\.


--
-- TOC entry 5099 (class 0 OID 34089)
-- Dependencies: 248
-- Data for Name: t_attendance; Type: TABLE DATA; Schema: public; Owner: postgres
--

COPY public.t_attendance (id, attendance_date, check_in_time, confidence, notes, created_at, guest_id, member_id, facedetection_id) FROM stdin;
\.


--
-- TOC entry 5093 (class 0 OID 34065)
-- Dependencies: 242
-- Data for Name: t_guest; Type: TABLE DATA; Schema: public; Owner: postgres
--

COPY public.t_guest (id, full_name, phone, visit_count, first_visit, last_visit, face_encoding, notes, created_at, converted_to_member_id) FROM stdin;
\.


--
-- TOC entry 5095 (class 0 OID 34073)
-- Dependencies: 244
-- Data for Name: t_member_face_embedding; Type: TABLE DATA; Schema: public; Owner: postgres
--

COPY public.t_member_face_embedding (id, face_encoding, image_path, is_active, notes, created_at, member_id) FROM stdin;
\.


--
-- TOC entry 5089 (class 0 OID 34049)
-- Dependencies: 238
-- Data for Name: t_summary_report; Type: TABLE DATA; Schema: public; Owner: postgres
--

COPY public.t_summary_report (id, report_date, total_members, total_guests, total_attendance, report_summary, created_at) FROM stdin;
\.


--
-- TOC entry 5097 (class 0 OID 34081)
-- Dependencies: 246
-- Data for Name: t_timlinedata_record; Type: TABLE DATA; Schema: public; Owner: postgres
--

COPY public.t_timlinedata_record (id, capture_time, image_path, face_encoding, detection_status, confidence, validation_status, validated_at, notes, created_at, final_guest_id, final_member_id, matched_member_id) FROM stdin;
\.


--
-- TOC entry 5102 (class 0 OID 42103)
-- Dependencies: 251
-- Data for Name: t_user_role; Type: TABLE DATA; Schema: public; Owner: postgres
--

COPY public.t_user_role (id, role, user_id) FROM stdin;
2	leader	4
3	leader	5
1	admin	1
\.


--
-- TOC entry 5087 (class 0 OID 34041)
-- Dependencies: 236
-- Data for Name: tm_member; Type: TABLE DATA; Schema: public; Owner: postgres
--

COPY public.tm_member (id, full_name, nickname, gender, birth_date, phone, email, address, member_status, created_at, updated_at) FROM stdin;
1	Bagus Eka Bagaskara	beb	L	2005-07-22	0812334567	bagaslionex@gmail.com	ksb blok c68 no8	active	2026-03-12 14:32:14.96156+07	2026-03-12 14:33:03.947314+07
2	Yoel Hardly Sirait	welll	L	2005-11-12	0898765432	yoel@gmail.com	medannn bos	inactive	2026-03-12 14:51:35.100968+07	2026-03-12 15:22:23.607402+07
4	christian	chris	L	2029-10-03	08239201213	chris@gmail.com	indonesia	inactive	2026-03-12 15:07:17.41679+07	2026-03-12 15:26:43.051912+07
\.


--
-- TOC entry 5108 (class 0 OID 0)
-- Dependencies: 250
-- Name: attendance_userprofile_id_seq; Type: SEQUENCE SET; Schema: public; Owner: postgres
--

SELECT pg_catalog.setval('public.attendance_userprofile_id_seq', 3, true);


--
-- TOC entry 5109 (class 0 OID 0)
-- Dependencies: 223
-- Name: auth_group_id_seq; Type: SEQUENCE SET; Schema: public; Owner: postgres
--

SELECT pg_catalog.setval('public.auth_group_id_seq', 1, false);


--
-- TOC entry 5110 (class 0 OID 0)
-- Dependencies: 225
-- Name: auth_group_permissions_id_seq; Type: SEQUENCE SET; Schema: public; Owner: postgres
--

SELECT pg_catalog.setval('public.auth_group_permissions_id_seq', 1, false);


--
-- TOC entry 5111 (class 0 OID 0)
-- Dependencies: 221
-- Name: auth_permission_id_seq; Type: SEQUENCE SET; Schema: public; Owner: postgres
--

SELECT pg_catalog.setval('public.auth_permission_id_seq', 56, true);


--
-- TOC entry 5112 (class 0 OID 0)
-- Dependencies: 229
-- Name: auth_user_groups_id_seq; Type: SEQUENCE SET; Schema: public; Owner: postgres
--

SELECT pg_catalog.setval('public.auth_user_groups_id_seq', 1, false);


--
-- TOC entry 5113 (class 0 OID 0)
-- Dependencies: 227
-- Name: auth_user_id_seq; Type: SEQUENCE SET; Schema: public; Owner: postgres
--

SELECT pg_catalog.setval('public.auth_user_id_seq', 5, true);


--
-- TOC entry 5114 (class 0 OID 0)
-- Dependencies: 231
-- Name: auth_user_user_permissions_id_seq; Type: SEQUENCE SET; Schema: public; Owner: postgres
--

SELECT pg_catalog.setval('public.auth_user_user_permissions_id_seq', 1, false);


--
-- TOC entry 5115 (class 0 OID 0)
-- Dependencies: 233
-- Name: django_admin_log_id_seq; Type: SEQUENCE SET; Schema: public; Owner: postgres
--

SELECT pg_catalog.setval('public.django_admin_log_id_seq', 11, true);


--
-- TOC entry 5116 (class 0 OID 0)
-- Dependencies: 219
-- Name: django_content_type_id_seq; Type: SEQUENCE SET; Schema: public; Owner: postgres
--

SELECT pg_catalog.setval('public.django_content_type_id_seq', 14, true);


--
-- TOC entry 5117 (class 0 OID 0)
-- Dependencies: 217
-- Name: django_migrations_id_seq; Type: SEQUENCE SET; Schema: public; Owner: postgres
--

SELECT pg_catalog.setval('public.django_migrations_id_seq', 22, true);


--
-- TOC entry 5118 (class 0 OID 0)
-- Dependencies: 239
-- Name: t_aiconversation_id_seq; Type: SEQUENCE SET; Schema: public; Owner: postgres
--

SELECT pg_catalog.setval('public.t_aiconversation_id_seq', 1, false);


--
-- TOC entry 5119 (class 0 OID 0)
-- Dependencies: 247
-- Name: t_attendance_id_seq; Type: SEQUENCE SET; Schema: public; Owner: postgres
--

SELECT pg_catalog.setval('public.t_attendance_id_seq', 1, false);


--
-- TOC entry 5120 (class 0 OID 0)
-- Dependencies: 241
-- Name: t_guest_id_seq; Type: SEQUENCE SET; Schema: public; Owner: postgres
--

SELECT pg_catalog.setval('public.t_guest_id_seq', 1, false);


--
-- TOC entry 5121 (class 0 OID 0)
-- Dependencies: 243
-- Name: t_member_face_embedding_id_seq; Type: SEQUENCE SET; Schema: public; Owner: postgres
--

SELECT pg_catalog.setval('public.t_member_face_embedding_id_seq', 1, false);


--
-- TOC entry 5122 (class 0 OID 0)
-- Dependencies: 237
-- Name: t_summary_report_id_seq; Type: SEQUENCE SET; Schema: public; Owner: postgres
--

SELECT pg_catalog.setval('public.t_summary_report_id_seq', 1, false);


--
-- TOC entry 5123 (class 0 OID 0)
-- Dependencies: 245
-- Name: t_timlinedata_record_id_seq; Type: SEQUENCE SET; Schema: public; Owner: postgres
--

SELECT pg_catalog.setval('public.t_timlinedata_record_id_seq', 1, false);


--
-- TOC entry 5124 (class 0 OID 0)
-- Dependencies: 235
-- Name: tm_member_id_seq; Type: SEQUENCE SET; Schema: public; Owner: postgres
--

SELECT pg_catalog.setval('public.tm_member_id_seq', 11, true);


--
-- TOC entry 4901 (class 2606 OID 42107)
-- Name: t_user_role attendance_userprofile_pkey; Type: CONSTRAINT; Schema: public; Owner: postgres
--

ALTER TABLE ONLY public.t_user_role
    ADD CONSTRAINT attendance_userprofile_pkey PRIMARY KEY (id);


--
-- TOC entry 4903 (class 2606 OID 42109)
-- Name: t_user_role attendance_userprofile_user_id_key; Type: CONSTRAINT; Schema: public; Owner: postgres
--

ALTER TABLE ONLY public.t_user_role
    ADD CONSTRAINT attendance_userprofile_user_id_key UNIQUE (user_id);


--
-- TOC entry 4840 (class 2606 OID 34157)
-- Name: auth_group auth_group_name_key; Type: CONSTRAINT; Schema: public; Owner: postgres
--

ALTER TABLE ONLY public.auth_group
    ADD CONSTRAINT auth_group_name_key UNIQUE (name);


--
-- TOC entry 4845 (class 2606 OID 33977)
-- Name: auth_group_permissions auth_group_permissions_group_id_permission_id_0cd325b0_uniq; Type: CONSTRAINT; Schema: public; Owner: postgres
--

ALTER TABLE ONLY public.auth_group_permissions
    ADD CONSTRAINT auth_group_permissions_group_id_permission_id_0cd325b0_uniq UNIQUE (group_id, permission_id);


--
-- TOC entry 4848 (class 2606 OID 33946)
-- Name: auth_group_permissions auth_group_permissions_pkey; Type: CONSTRAINT; Schema: public; Owner: postgres
--

ALTER TABLE ONLY public.auth_group_permissions
    ADD CONSTRAINT auth_group_permissions_pkey PRIMARY KEY (id);


--
-- TOC entry 4842 (class 2606 OID 33938)
-- Name: auth_group auth_group_pkey; Type: CONSTRAINT; Schema: public; Owner: postgres
--

ALTER TABLE ONLY public.auth_group
    ADD CONSTRAINT auth_group_pkey PRIMARY KEY (id);


--
-- TOC entry 4835 (class 2606 OID 33968)
-- Name: auth_permission auth_permission_content_type_id_codename_01ab375a_uniq; Type: CONSTRAINT; Schema: public; Owner: postgres
--

ALTER TABLE ONLY public.auth_permission
    ADD CONSTRAINT auth_permission_content_type_id_codename_01ab375a_uniq UNIQUE (content_type_id, codename);


--
-- TOC entry 4837 (class 2606 OID 33932)
-- Name: auth_permission auth_permission_pkey; Type: CONSTRAINT; Schema: public; Owner: postgres
--

ALTER TABLE ONLY public.auth_permission
    ADD CONSTRAINT auth_permission_pkey PRIMARY KEY (id);


--
-- TOC entry 4856 (class 2606 OID 33960)
-- Name: auth_user_groups auth_user_groups_pkey; Type: CONSTRAINT; Schema: public; Owner: postgres
--

ALTER TABLE ONLY public.auth_user_groups
    ADD CONSTRAINT auth_user_groups_pkey PRIMARY KEY (id);


--
-- TOC entry 4859 (class 2606 OID 33992)
-- Name: auth_user_groups auth_user_groups_user_id_group_id_94350c0c_uniq; Type: CONSTRAINT; Schema: public; Owner: postgres
--

ALTER TABLE ONLY public.auth_user_groups
    ADD CONSTRAINT auth_user_groups_user_id_group_id_94350c0c_uniq UNIQUE (user_id, group_id);


--
-- TOC entry 4850 (class 2606 OID 33952)
-- Name: auth_user auth_user_pkey; Type: CONSTRAINT; Schema: public; Owner: postgres
--

ALTER TABLE ONLY public.auth_user
    ADD CONSTRAINT auth_user_pkey PRIMARY KEY (id);


--
-- TOC entry 4862 (class 2606 OID 33966)
-- Name: auth_user_user_permissions auth_user_user_permissions_pkey; Type: CONSTRAINT; Schema: public; Owner: postgres
--

ALTER TABLE ONLY public.auth_user_user_permissions
    ADD CONSTRAINT auth_user_user_permissions_pkey PRIMARY KEY (id);


--
-- TOC entry 4865 (class 2606 OID 34006)
-- Name: auth_user_user_permissions auth_user_user_permissions_user_id_permission_id_14a6b632_uniq; Type: CONSTRAINT; Schema: public; Owner: postgres
--

ALTER TABLE ONLY public.auth_user_user_permissions
    ADD CONSTRAINT auth_user_user_permissions_user_id_permission_id_14a6b632_uniq UNIQUE (user_id, permission_id);


--
-- TOC entry 4853 (class 2606 OID 34152)
-- Name: auth_user auth_user_username_key; Type: CONSTRAINT; Schema: public; Owner: postgres
--

ALTER TABLE ONLY public.auth_user
    ADD CONSTRAINT auth_user_username_key UNIQUE (username);


--
-- TOC entry 4868 (class 2606 OID 34027)
-- Name: django_admin_log django_admin_log_pkey; Type: CONSTRAINT; Schema: public; Owner: postgres
--

ALTER TABLE ONLY public.django_admin_log
    ADD CONSTRAINT django_admin_log_pkey PRIMARY KEY (id);


--
-- TOC entry 4830 (class 2606 OID 33926)
-- Name: django_content_type django_content_type_app_label_model_76bd3d3b_uniq; Type: CONSTRAINT; Schema: public; Owner: postgres
--

ALTER TABLE ONLY public.django_content_type
    ADD CONSTRAINT django_content_type_app_label_model_76bd3d3b_uniq UNIQUE (app_label, model);


--
-- TOC entry 4832 (class 2606 OID 33924)
-- Name: django_content_type django_content_type_pkey; Type: CONSTRAINT; Schema: public; Owner: postgres
--

ALTER TABLE ONLY public.django_content_type
    ADD CONSTRAINT django_content_type_pkey PRIMARY KEY (id);


--
-- TOC entry 4828 (class 2606 OID 33918)
-- Name: django_migrations django_migrations_pkey; Type: CONSTRAINT; Schema: public; Owner: postgres
--

ALTER TABLE ONLY public.django_migrations
    ADD CONSTRAINT django_migrations_pkey PRIMARY KEY (id);


--
-- TOC entry 4898 (class 2606 OID 34165)
-- Name: django_session django_session_pkey; Type: CONSTRAINT; Schema: public; Owner: postgres
--

ALTER TABLE ONLY public.django_session
    ADD CONSTRAINT django_session_pkey PRIMARY KEY (session_key);


--
-- TOC entry 4877 (class 2606 OID 34063)
-- Name: t_aiconversation t_aiconversation_pkey; Type: CONSTRAINT; Schema: public; Owner: postgres
--

ALTER TABLE ONLY public.t_aiconversation
    ADD CONSTRAINT t_aiconversation_pkey PRIMARY KEY (id);


--
-- TOC entry 4891 (class 2606 OID 34097)
-- Name: t_attendance t_attendance_facedetection_id_key; Type: CONSTRAINT; Schema: public; Owner: postgres
--

ALTER TABLE ONLY public.t_attendance
    ADD CONSTRAINT t_attendance_facedetection_id_key UNIQUE (facedetection_id);


--
-- TOC entry 4895 (class 2606 OID 34095)
-- Name: t_attendance t_attendance_pkey; Type: CONSTRAINT; Schema: public; Owner: postgres
--

ALTER TABLE ONLY public.t_attendance
    ADD CONSTRAINT t_attendance_pkey PRIMARY KEY (id);


--
-- TOC entry 4881 (class 2606 OID 34071)
-- Name: t_guest t_guest_pkey; Type: CONSTRAINT; Schema: public; Owner: postgres
--

ALTER TABLE ONLY public.t_guest
    ADD CONSTRAINT t_guest_pkey PRIMARY KEY (id);


--
-- TOC entry 4884 (class 2606 OID 34079)
-- Name: t_member_face_embedding t_member_face_embedding_pkey; Type: CONSTRAINT; Schema: public; Owner: postgres
--

ALTER TABLE ONLY public.t_member_face_embedding
    ADD CONSTRAINT t_member_face_embedding_pkey PRIMARY KEY (id);


--
-- TOC entry 4873 (class 2606 OID 34055)
-- Name: t_summary_report t_summary_report_pkey; Type: CONSTRAINT; Schema: public; Owner: postgres
--

ALTER TABLE ONLY public.t_summary_report
    ADD CONSTRAINT t_summary_report_pkey PRIMARY KEY (id);


--
-- TOC entry 4875 (class 2606 OID 34057)
-- Name: t_summary_report t_summary_report_report_date_key; Type: CONSTRAINT; Schema: public; Owner: postgres
--

ALTER TABLE ONLY public.t_summary_report
    ADD CONSTRAINT t_summary_report_report_date_key UNIQUE (report_date);


--
-- TOC entry 4889 (class 2606 OID 34087)
-- Name: t_timlinedata_record t_timlinedata_record_pkey; Type: CONSTRAINT; Schema: public; Owner: postgres
--

ALTER TABLE ONLY public.t_timlinedata_record
    ADD CONSTRAINT t_timlinedata_record_pkey PRIMARY KEY (id);


--
-- TOC entry 4871 (class 2606 OID 34047)
-- Name: tm_member tm_member_pkey; Type: CONSTRAINT; Schema: public; Owner: postgres
--

ALTER TABLE ONLY public.tm_member
    ADD CONSTRAINT tm_member_pkey PRIMARY KEY (id);


--
-- TOC entry 4838 (class 1259 OID 34158)
-- Name: auth_group_name_a6ea08ec_like; Type: INDEX; Schema: public; Owner: postgres
--

CREATE INDEX auth_group_name_a6ea08ec_like ON public.auth_group USING btree (name varchar_pattern_ops);


--
-- TOC entry 4843 (class 1259 OID 33988)
-- Name: auth_group_permissions_group_id_b120cbf9; Type: INDEX; Schema: public; Owner: postgres
--

CREATE INDEX auth_group_permissions_group_id_b120cbf9 ON public.auth_group_permissions USING btree (group_id);


--
-- TOC entry 4846 (class 1259 OID 33989)
-- Name: auth_group_permissions_permission_id_84c5c92e; Type: INDEX; Schema: public; Owner: postgres
--

CREATE INDEX auth_group_permissions_permission_id_84c5c92e ON public.auth_group_permissions USING btree (permission_id);


--
-- TOC entry 4833 (class 1259 OID 33974)
-- Name: auth_permission_content_type_id_2f476e4b; Type: INDEX; Schema: public; Owner: postgres
--

CREATE INDEX auth_permission_content_type_id_2f476e4b ON public.auth_permission USING btree (content_type_id);


--
-- TOC entry 4854 (class 1259 OID 34004)
-- Name: auth_user_groups_group_id_97559544; Type: INDEX; Schema: public; Owner: postgres
--

CREATE INDEX auth_user_groups_group_id_97559544 ON public.auth_user_groups USING btree (group_id);


--
-- TOC entry 4857 (class 1259 OID 34003)
-- Name: auth_user_groups_user_id_6a12ed8b; Type: INDEX; Schema: public; Owner: postgres
--

CREATE INDEX auth_user_groups_user_id_6a12ed8b ON public.auth_user_groups USING btree (user_id);


--
-- TOC entry 4860 (class 1259 OID 34018)
-- Name: auth_user_user_permissions_permission_id_1fbb5f2c; Type: INDEX; Schema: public; Owner: postgres
--

CREATE INDEX auth_user_user_permissions_permission_id_1fbb5f2c ON public.auth_user_user_permissions USING btree (permission_id);


--
-- TOC entry 4863 (class 1259 OID 34017)
-- Name: auth_user_user_permissions_user_id_a95ead1b; Type: INDEX; Schema: public; Owner: postgres
--

CREATE INDEX auth_user_user_permissions_user_id_a95ead1b ON public.auth_user_user_permissions USING btree (user_id);


--
-- TOC entry 4851 (class 1259 OID 34153)
-- Name: auth_user_username_6821ab7c_like; Type: INDEX; Schema: public; Owner: postgres
--

CREATE INDEX auth_user_username_6821ab7c_like ON public.auth_user USING btree (username varchar_pattern_ops);


--
-- TOC entry 4866 (class 1259 OID 34038)
-- Name: django_admin_log_content_type_id_c4bce8eb; Type: INDEX; Schema: public; Owner: postgres
--

CREATE INDEX django_admin_log_content_type_id_c4bce8eb ON public.django_admin_log USING btree (content_type_id);


--
-- TOC entry 4869 (class 1259 OID 34039)
-- Name: django_admin_log_user_id_c564eba6; Type: INDEX; Schema: public; Owner: postgres
--

CREATE INDEX django_admin_log_user_id_c564eba6 ON public.django_admin_log USING btree (user_id);


--
-- TOC entry 4896 (class 1259 OID 34167)
-- Name: django_session_expire_date_a5c62663; Type: INDEX; Schema: public; Owner: postgres
--

CREATE INDEX django_session_expire_date_a5c62663 ON public.django_session USING btree (expire_date);


--
-- TOC entry 4899 (class 1259 OID 34166)
-- Name: django_session_session_key_c0390e0f_like; Type: INDEX; Schema: public; Owner: postgres
--

CREATE INDEX django_session_session_key_c0390e0f_like ON public.django_session USING btree (session_key varchar_pattern_ops);


--
-- TOC entry 4878 (class 1259 OID 34103)
-- Name: t_aiconversation_user_id_523e6536; Type: INDEX; Schema: public; Owner: postgres
--

CREATE INDEX t_aiconversation_user_id_523e6536 ON public.t_aiconversation USING btree (user_id);


--
-- TOC entry 4892 (class 1259 OID 34149)
-- Name: t_attendance_guest_id_e059bb4f; Type: INDEX; Schema: public; Owner: postgres
--

CREATE INDEX t_attendance_guest_id_e059bb4f ON public.t_attendance USING btree (guest_id);


--
-- TOC entry 4893 (class 1259 OID 34150)
-- Name: t_attendance_member_id_6985cc94; Type: INDEX; Schema: public; Owner: postgres
--

CREATE INDEX t_attendance_member_id_6985cc94 ON public.t_attendance USING btree (member_id);


--
-- TOC entry 4879 (class 1259 OID 34109)
-- Name: t_guest_converted_to_member_id_91557edf; Type: INDEX; Schema: public; Owner: postgres
--

CREATE INDEX t_guest_converted_to_member_id_91557edf ON public.t_guest USING btree (converted_to_member_id);


--
-- TOC entry 4882 (class 1259 OID 34115)
-- Name: t_member_face_embedding_member_id_d4630c84; Type: INDEX; Schema: public; Owner: postgres
--

CREATE INDEX t_member_face_embedding_member_id_d4630c84 ON public.t_member_face_embedding USING btree (member_id);


--
-- TOC entry 4885 (class 1259 OID 34131)
-- Name: t_timlinedata_record_final_guest_id_57da1e70; Type: INDEX; Schema: public; Owner: postgres
--

CREATE INDEX t_timlinedata_record_final_guest_id_57da1e70 ON public.t_timlinedata_record USING btree (final_guest_id);


--
-- TOC entry 4886 (class 1259 OID 34132)
-- Name: t_timlinedata_record_final_member_id_54326b94; Type: INDEX; Schema: public; Owner: postgres
--

CREATE INDEX t_timlinedata_record_final_member_id_54326b94 ON public.t_timlinedata_record USING btree (final_member_id);


--
-- TOC entry 4887 (class 1259 OID 34133)
-- Name: t_timlinedata_record_matched_member_id_b8b2f3dd; Type: INDEX; Schema: public; Owner: postgres
--

CREATE INDEX t_timlinedata_record_matched_member_id_b8b2f3dd ON public.t_timlinedata_record USING btree (matched_member_id);


--
-- TOC entry 4922 (class 2606 OID 42110)
-- Name: t_user_role attendance_userprofile_user_id_ff00db13_fk_auth_user_id; Type: FK CONSTRAINT; Schema: public; Owner: postgres
--

ALTER TABLE ONLY public.t_user_role
    ADD CONSTRAINT attendance_userprofile_user_id_ff00db13_fk_auth_user_id FOREIGN KEY (user_id) REFERENCES public.auth_user(id) DEFERRABLE INITIALLY DEFERRED;


--
-- TOC entry 4905 (class 2606 OID 33983)
-- Name: auth_group_permissions auth_group_permissio_permission_id_84c5c92e_fk_auth_perm; Type: FK CONSTRAINT; Schema: public; Owner: postgres
--

ALTER TABLE ONLY public.auth_group_permissions
    ADD CONSTRAINT auth_group_permissio_permission_id_84c5c92e_fk_auth_perm FOREIGN KEY (permission_id) REFERENCES public.auth_permission(id) DEFERRABLE INITIALLY DEFERRED;


--
-- TOC entry 4906 (class 2606 OID 33978)
-- Name: auth_group_permissions auth_group_permissions_group_id_b120cbf9_fk_auth_group_id; Type: FK CONSTRAINT; Schema: public; Owner: postgres
--

ALTER TABLE ONLY public.auth_group_permissions
    ADD CONSTRAINT auth_group_permissions_group_id_b120cbf9_fk_auth_group_id FOREIGN KEY (group_id) REFERENCES public.auth_group(id) DEFERRABLE INITIALLY DEFERRED;


--
-- TOC entry 4904 (class 2606 OID 33969)
-- Name: auth_permission auth_permission_content_type_id_2f476e4b_fk_django_co; Type: FK CONSTRAINT; Schema: public; Owner: postgres
--

ALTER TABLE ONLY public.auth_permission
    ADD CONSTRAINT auth_permission_content_type_id_2f476e4b_fk_django_co FOREIGN KEY (content_type_id) REFERENCES public.django_content_type(id) DEFERRABLE INITIALLY DEFERRED;


--
-- TOC entry 4907 (class 2606 OID 33998)
-- Name: auth_user_groups auth_user_groups_group_id_97559544_fk_auth_group_id; Type: FK CONSTRAINT; Schema: public; Owner: postgres
--

ALTER TABLE ONLY public.auth_user_groups
    ADD CONSTRAINT auth_user_groups_group_id_97559544_fk_auth_group_id FOREIGN KEY (group_id) REFERENCES public.auth_group(id) DEFERRABLE INITIALLY DEFERRED;


--
-- TOC entry 4908 (class 2606 OID 33993)
-- Name: auth_user_groups auth_user_groups_user_id_6a12ed8b_fk_auth_user_id; Type: FK CONSTRAINT; Schema: public; Owner: postgres
--

ALTER TABLE ONLY public.auth_user_groups
    ADD CONSTRAINT auth_user_groups_user_id_6a12ed8b_fk_auth_user_id FOREIGN KEY (user_id) REFERENCES public.auth_user(id) DEFERRABLE INITIALLY DEFERRED;


--
-- TOC entry 4909 (class 2606 OID 34012)
-- Name: auth_user_user_permissions auth_user_user_permi_permission_id_1fbb5f2c_fk_auth_perm; Type: FK CONSTRAINT; Schema: public; Owner: postgres
--

ALTER TABLE ONLY public.auth_user_user_permissions
    ADD CONSTRAINT auth_user_user_permi_permission_id_1fbb5f2c_fk_auth_perm FOREIGN KEY (permission_id) REFERENCES public.auth_permission(id) DEFERRABLE INITIALLY DEFERRED;


--
-- TOC entry 4910 (class 2606 OID 34007)
-- Name: auth_user_user_permissions auth_user_user_permissions_user_id_a95ead1b_fk_auth_user_id; Type: FK CONSTRAINT; Schema: public; Owner: postgres
--

ALTER TABLE ONLY public.auth_user_user_permissions
    ADD CONSTRAINT auth_user_user_permissions_user_id_a95ead1b_fk_auth_user_id FOREIGN KEY (user_id) REFERENCES public.auth_user(id) DEFERRABLE INITIALLY DEFERRED;


--
-- TOC entry 4911 (class 2606 OID 34028)
-- Name: django_admin_log django_admin_log_content_type_id_c4bce8eb_fk_django_co; Type: FK CONSTRAINT; Schema: public; Owner: postgres
--

ALTER TABLE ONLY public.django_admin_log
    ADD CONSTRAINT django_admin_log_content_type_id_c4bce8eb_fk_django_co FOREIGN KEY (content_type_id) REFERENCES public.django_content_type(id) DEFERRABLE INITIALLY DEFERRED;


--
-- TOC entry 4912 (class 2606 OID 34033)
-- Name: django_admin_log django_admin_log_user_id_c564eba6_fk_auth_user_id; Type: FK CONSTRAINT; Schema: public; Owner: postgres
--

ALTER TABLE ONLY public.django_admin_log
    ADD CONSTRAINT django_admin_log_user_id_c564eba6_fk_auth_user_id FOREIGN KEY (user_id) REFERENCES public.auth_user(id) DEFERRABLE INITIALLY DEFERRED;


--
-- TOC entry 4913 (class 2606 OID 34098)
-- Name: t_aiconversation t_aiconversation_user_id_523e6536_fk_auth_user_id; Type: FK CONSTRAINT; Schema: public; Owner: postgres
--

ALTER TABLE ONLY public.t_aiconversation
    ADD CONSTRAINT t_aiconversation_user_id_523e6536_fk_auth_user_id FOREIGN KEY (user_id) REFERENCES public.auth_user(id) DEFERRABLE INITIALLY DEFERRED;


--
-- TOC entry 4919 (class 2606 OID 34144)
-- Name: t_attendance t_attendance_facedetection_id_b0665e15_fk_t_timline; Type: FK CONSTRAINT; Schema: public; Owner: postgres
--

ALTER TABLE ONLY public.t_attendance
    ADD CONSTRAINT t_attendance_facedetection_id_b0665e15_fk_t_timline FOREIGN KEY (facedetection_id) REFERENCES public.t_timlinedata_record(id) DEFERRABLE INITIALLY DEFERRED;


--
-- TOC entry 4920 (class 2606 OID 34134)
-- Name: t_attendance t_attendance_guest_id_e059bb4f_fk_t_guest_id; Type: FK CONSTRAINT; Schema: public; Owner: postgres
--

ALTER TABLE ONLY public.t_attendance
    ADD CONSTRAINT t_attendance_guest_id_e059bb4f_fk_t_guest_id FOREIGN KEY (guest_id) REFERENCES public.t_guest(id) DEFERRABLE INITIALLY DEFERRED;


--
-- TOC entry 4921 (class 2606 OID 34139)
-- Name: t_attendance t_attendance_member_id_6985cc94_fk_tm_member_id; Type: FK CONSTRAINT; Schema: public; Owner: postgres
--

ALTER TABLE ONLY public.t_attendance
    ADD CONSTRAINT t_attendance_member_id_6985cc94_fk_tm_member_id FOREIGN KEY (member_id) REFERENCES public.tm_member(id) DEFERRABLE INITIALLY DEFERRED;


--
-- TOC entry 4914 (class 2606 OID 34104)
-- Name: t_guest t_guest_converted_to_member_id_91557edf_fk_tm_member_id; Type: FK CONSTRAINT; Schema: public; Owner: postgres
--

ALTER TABLE ONLY public.t_guest
    ADD CONSTRAINT t_guest_converted_to_member_id_91557edf_fk_tm_member_id FOREIGN KEY (converted_to_member_id) REFERENCES public.tm_member(id) DEFERRABLE INITIALLY DEFERRED;


--
-- TOC entry 4915 (class 2606 OID 34110)
-- Name: t_member_face_embedding t_member_face_embedding_member_id_d4630c84_fk_tm_member_id; Type: FK CONSTRAINT; Schema: public; Owner: postgres
--

ALTER TABLE ONLY public.t_member_face_embedding
    ADD CONSTRAINT t_member_face_embedding_member_id_d4630c84_fk_tm_member_id FOREIGN KEY (member_id) REFERENCES public.tm_member(id) DEFERRABLE INITIALLY DEFERRED;


--
-- TOC entry 4916 (class 2606 OID 34116)
-- Name: t_timlinedata_record t_timlinedata_record_final_guest_id_57da1e70_fk_t_guest_id; Type: FK CONSTRAINT; Schema: public; Owner: postgres
--

ALTER TABLE ONLY public.t_timlinedata_record
    ADD CONSTRAINT t_timlinedata_record_final_guest_id_57da1e70_fk_t_guest_id FOREIGN KEY (final_guest_id) REFERENCES public.t_guest(id) DEFERRABLE INITIALLY DEFERRED;


--
-- TOC entry 4917 (class 2606 OID 34121)
-- Name: t_timlinedata_record t_timlinedata_record_final_member_id_54326b94_fk_tm_member_id; Type: FK CONSTRAINT; Schema: public; Owner: postgres
--

ALTER TABLE ONLY public.t_timlinedata_record
    ADD CONSTRAINT t_timlinedata_record_final_member_id_54326b94_fk_tm_member_id FOREIGN KEY (final_member_id) REFERENCES public.tm_member(id) DEFERRABLE INITIALLY DEFERRED;


--
-- TOC entry 4918 (class 2606 OID 34126)
-- Name: t_timlinedata_record t_timlinedata_record_matched_member_id_b8b2f3dd_fk_tm_member_id; Type: FK CONSTRAINT; Schema: public; Owner: postgres
--

ALTER TABLE ONLY public.t_timlinedata_record
    ADD CONSTRAINT t_timlinedata_record_matched_member_id_b8b2f3dd_fk_tm_member_id FOREIGN KEY (matched_member_id) REFERENCES public.tm_member(id) DEFERRABLE INITIALLY DEFERRED;


-- Completed on 2026-04-09 15:58:25

--
-- PostgreSQL database dump complete
--

\unrestrict GDdFkLvowDRXJkFFY6Duz3TabUlKVl7sLaNu2yTrBGzXhQQKMIKbQ8OeMYhv4l8

